{
  "kintai": [
    {
      "attendDate": "2019-04-05T00:00:00.000Z",
      "clockOutDate": "2019-04-05T09:00:00.000Z",
      "hour": 7.75,
      "memo": "",
      "id": 14
    },
    {
      "attendDate": "2019-04-02T00:00:00.000Z",
      "clockOutDate": "2019-04-02T08:45:00.000Z",
      "hour": 7.75,
      "memo": "",
      "id": 15
    },
    {
      "attendDate": "2019-04-09T00:00:00.000Z",
      "clockOutDate": "2019-04-09T09:15:00.000Z",
      "hour": 8.25,
      "memo": "",
      "id": 16
    }
  ]
}